INSERT INTO Airport (ID, Name, Adresse) VALUES (1, 'Airport Hörsching', 'Flughafenstraße 1, 4063 Hörsching');
INSERT INTO Airport (ID, Name, Adresse) VALUES (2, 'Airport Salzburg', 'Innsbrucker Bundesstraße 95, 5020 Salzburg');
INSERT INTO Airport (ID, Name, Adresse) VALUES (3, 'Airport Graz', '8073 Feldkirchen bei Graz');
INSERT INTO Airport (ID, Name, Adresse) VALUES (4, 'Airport Innsbruck', 'Fürstenweg 180, 6020 Innsbruck');
INSERT INTO Airport (ID, Name, Adresse) VALUES (5, 'Klagenfurt Airport', '9020 Klagenfurt am Wörthersee');
INSERT INTO Airport (ID, Name, Adresse) VALUES (6, 'Vienna International Airport', '1300 Schwechat');
INSERT INTO Destination (ID, Hotel, Airport) VALUES (1, 1, null);
INSERT INTO Destination (ID, Hotel, Airport) VALUES (2, null, 1);
INSERT INTO Driver (ID, Firstname, Lastname, Shuttle, Airport, Available) VALUES (1, 'Rainer', 'Verlust', 1, 1, 1);
INSERT INTO Driver (ID, Firstname, Lastname, Shuttle, Airport, Available) VALUES (2, 'Doland', 'Drunk', 2, 1, 0);
INSERT INTO Driver (ID, Firstname, Lastname, Shuttle, Airport, Available) VALUES (3, 'Ken', 'Tucky', 3, 1, 1);
INSERT INTO Driver (ID, Firstname, Lastname, Shuttle, Airport, Available) VALUES (4, 'Barbie', 'Tucky', 4, 1, 1);
INSERT INTO Driver (ID, Firstname, Lastname, Shuttle, Airport, Available) VALUES (5, 'Dick', 'Tator', null, 1, 1);
INSERT INTO Driver (ID, Firstname, Lastname, Shuttle, Airport, Available) VALUES (6, 'Jake', 'Daniel', null, 1, 1);
INSERT INTO Driver (ID, Firstname, Lastname, Shuttle, Airport, Available) VALUES (7, 'Bob', 'bobbington', null, 1, 1);
INSERT INTO Guest (ID, Firstname, Lastname, Hotel) VALUES (1, 'Christian', 'Goldberger', 1);
INSERT INTO Guest (ID, Firstname, Lastname, Hotel) VALUES (2, 'Franz', 'Reischl', 1);
INSERT INTO Guest (ID, Firstname, Lastname, Hotel) VALUES (3, 'Daniel', 'Helmberger', 1);
INSERT INTO Guest (ID, Firstname, Lastname, Hotel) VALUES (4, 'Radomir', 'Stojcevic', 1);
INSERT INTO Guest (ID, Firstname, Lastname, Hotel) VALUES (5, 'Keti', 'Veliaj', 1);
INSERT INTO Guest (ID, Firstname, Lastname, Hotel) VALUES (6, 'Hans', 'Wurst', 1);
INSERT INTO Guest (ID, Firstname, Lastname, Hotel) VALUES (7, 'Marta', 'Phal', 1);
INSERT INTO Guest (ID, Firstname, Lastname, Hotel) VALUES (8, 'Nick', 'Olaus', 1);
INSERT INTO Guest (ID, Firstname, Lastname, Hotel) VALUES (9, 'Jo', 'Ghurt', 1);
INSERT INTO Guest (ID, Firstname, Lastname, Hotel) VALUES (10, 'Jo', 'Ker', 1);
INSERT INTO Guest (ID, Firstname, Lastname, Hotel) VALUES (11, 'Bren', 'Essel', 1);
INSERT INTO Guest (ID, Firstname, Lastname, Hotel) VALUES (12, 'Axel', 'Schweiß', 1);
INSERT INTO Guest (ID, Firstname, Lastname, Hotel) VALUES (13, 'Johannis', 'Bär', 1);
INSERT INTO Guest (ID, Firstname, Lastname, Hotel) VALUES (14, 'John', 'Wick', 1);
INSERT INTO Guest (ID, Firstname, Lastname, Hotel) VALUES (15, 'Benjamin', 'Blümchen', 1);
INSERT INTO Hotel (ID, Name, Address) VALUES (1, 'Hotel Alpenblick', 'Aplenstraße 1, 4020 Linz');
INSERT INTO Hotel (ID, Name, Address) VALUES (2, 'Hotel Schwarzer Bär', 'Herrenstraße 9, 4020 Linz');
INSERT INTO Hotel (ID, Name, Address) VALUES (3, 'Hotel Park Inn', 'Hessenplatz, 4020 Linz');
INSERT INTO Hotel (ID, Name, Address) VALUES (4, 'Arcotel Nike', 'Rathausviertel, 4020 Linz');
INSERT INTO Hotel (ID, Name, Address) VALUES (5, 'Trans World Hotel Donauwelle', 'Am Winterhafen 13, 4020 Linz');
INSERT INTO Hotel (ID, Name, Address) VALUES (6, 'Austria Trend Hotel Schillerpark', 'Schillerplatz, 4020 Linz');
INSERT INTO Hotel (ID, Name, Address) VALUES (7, 'Prielmayerhof', 'Weißenwolffstraße 33, 4020 Linz');
INSERT INTO Hotel (ID, Name, Address) VALUES (8, 'Domhotel', 'Altstadtviertel, 4020 Linz');
INSERT INTO Hotel (ID, Name, Address) VALUES (9, 'City Hotel', 'Neustadtviertel, 4020 Linz');
INSERT INTO Hotel (ID, Name, Address) VALUES (10, 'Hotel Nöserlgut', 'Landwiedstraße 69, 4020 Linz');
INSERT INTO Shuttle (ID, Name, Airport, Seats) VALUES (1, 'Linie A', 0, 1);
INSERT INTO Shuttle (ID, Name, Airport, Seats) VALUES (2, 'Linie B', 14, 1);
INSERT INTO Shuttle (ID, Name, Airport, Seats) VALUES (3, 'Linie C', 12, 1);
INSERT INTO Shuttle (ID, Name, Airport, Seats) VALUES (4, 'Linie D', 5, 1);
INSERT INTO Shuttle (ID, Name, Airport, Seats) VALUES (5, 'asdf', 1, 15);
INSERT INTO Trip (ID, "To", "From", Time, Shuttle) VALUES (1, 2, 1, '08:00', 1);
INSERT INTO Trip (ID, "To", "From", Time, Shuttle) VALUES (2, 1, 2, '09:00', 1);
INSERT INTO Trip (ID, "To", "From", Time, Shuttle) VALUES (3, 2, 1, '09:50', 2);
INSERT INTO Trip (ID, "To", "From", Time, Shuttle) VALUES (4, 1, 2, '10:45', 2);
INSERT INTO Trip (ID, "To", "From", Time, Shuttle) VALUES (5, 2, 1, '11:00', 3);
INSERT INTO Trip (ID, "To", "From", Time, Shuttle) VALUES (6, 1, 2, '12:00', 3);
INSERT INTO Trip (ID, "To", "From", Time, Shuttle) VALUES (7, 2, 1, '12:15', 4);
INSERT INTO Trip (ID, "To", "From", Time, Shuttle) VALUES (8, 1, 2, '13:15', 4);
INSERT INTO Trip (ID, "To", "From", Time, Shuttle) VALUES (9, 2, 1, '14:00', 1);
INSERT INTO Trip (ID, "To", "From", Time, Shuttle) VALUES (10, 1, 2, '15:00', 1);
INSERT INTO Trip (ID, "To", "From", Time, Shuttle) VALUES (11, 2, 1, '15:15', 2);
INSERT INTO Trip (ID, "To", "From", Time, Shuttle) VALUES (12, 1, 2, '16:10', 2);
INSERT INTO Trip (ID, "To", "From", Time, Shuttle) VALUES (13, 2, 1, '17:00', 3);
INSERT INTO Trip (ID, "To", "From", Time, Shuttle) VALUES (14, 1, 2, '18:00', 3);
INSERT INTO Trip (ID, "To", "From", Time, Shuttle) VALUES (15, 2, 1, '18:15', 4);
INSERT INTO Trip (ID, "To", "From", Time, Shuttle) VALUES (16, 1, 2, '19:15', 4);
INSERT INTO Trip (ID, "To", "From", Time, Shuttle) VALUES (17, 2, 1, '19:30', 1);
INSERT INTO Trip (ID, "To", "From", Time, Shuttle) VALUES (18, 1, 2, '20:30', 1);
INSERT INTO Trip (ID, "To", "From", Time, Shuttle) VALUES (19, 2, 1, '21:00', 2);
INSERT INTO Trip (ID, "To", "From", Time, Shuttle) VALUES (20, 1, 2, '22:00', 2);
